spinType,speed,spinAmount,timeSinceRelease,ballPosX,ballPosY,ballVelX,ballVelY,ballAngularVel,distanceToStumps,distanceToPad,hitPad, reachedPad, willHitStumps
1,1.081966,10.000000,0.066443,-5.794911,0.493238,20.084810,-8.642233,-788.326100,14.230330,12.125540,0,0,0
1,1.081966,10.000000,0.116865,-4.589823,-0.048840,20.084810,-9.230834,-785.965800,12.931090,10.821400,0,0,0
1,1.081966,10.000000,0.183758,-3.384735,-0.626233,20.084810,-9.819435,-783.612500,11.629570,9.514127,0,0,0
1,1.081966,10.000000,0.233837,-2.581343,-1.030783,20.084810,-10.211840,-782.047600,10.763020,8.643632,0,0,0
1,1.081966,10.000000,0.299787,-0.974559,-1.886969,20.084810,-10.996640,-778.927100,9.043315,6.918956,0,0,0
1,1.081966,10.000000,0.350244,-0.171167,-2.338607,20.084810,-11.389040,-777.371500,8.197891,6.076051,0,0,0
1,1.081966,10.000000,0.400304,1.033921,-3.045493,20.084810,-11.977640,-775.044000,6.966228,4.867286,0,0,0
1,1.081966,10.000000,0.466425,2.201965,-3.036967,19.064280,7.844325,-1448.540000,5.798153,3.701578,0,0,0
1,1.081966,10.000000,0.516919,3.345821,-2.589852,19.064280,7.255725,-1444.203000,4.672216,2.550214,0,0,0
1,1.081966,10.000000,0.583248,4.489677,-2.178052,19.064280,6.667125,-1439.879000,3.605269,1.510366,0,0,0
1,1.081966,10.000000,0.650004,5.633533,-1.801569,19.064280,6.078526,-1435.568000,2.652622,0.973271,0,0,0
1,1.081966,10.000000,0.666431,6.014818,-1.683923,19.064280,5.882326,-1434.134000,2.381808,1.063240,0,1,0
0,0.853597,10.000000,0.050037,-6.326630,0.874677,16.834260,-3.231185,789.114500,14.841340,12.741710,0,0,1
0,0.853597,10.000000,0.116395,-5.316574,0.657262,16.834260,-3.819785,786.751800,13.809660,11.711740,0,0,1
0,0.853597,10.000000,0.182995,-3.969834,0.312439,16.834260,-4.604585,783.612500,12.419710,10.323060,0,0,1
0,0.853597,10.000000,0.233165,-3.296464,0.116484,16.834260,-4.996984,782.047600,11.718470,9.621861,0,0,1
0,0.853597,10.000000,0.283318,-2.286409,-0.206879,16.834260,-5.585584,779.706100,10.658880,8.561350,0,0,1
0,0.853597,10.000000,0.349615,-1.276354,-0.565558,16.834260,-6.174184,777.371500,9.590477,7.490522,0,0,1
0,0.853597,10.000000,0.399851,-0.266299,-0.959553,16.834260,-6.762784,775.044000,8.514407,6.410137,0,0,1
0,0.853597,10.000000,0.466411,0.743756,-1.388864,16.834260,-7.351383,772.723400,7.432956,5.322216,0,0,1
0,0.853597,10.000000,0.516587,1.417126,-1.694691,16.834260,-7.743783,771.180300,6.711040,4.594964,0,0,1
0,0.853597,10.000000,0.566760,2.427181,-2.182862,16.834260,-8.332383,768.871200,5.632409,3.508943,0,0,1
0,0.853597,10.000000,0.633291,3.437236,-2.706349,16.834260,-8.920984,766.569100,4.572204,2.454606,0,0,1
0,0.853597,10.000000,0.700299,4.773703,-3.243970,16.033530,6.308760,232.720200,3.235508,1.226256,0,0,1
0,0.853597,10.000000,0.766525,5.735715,-2.888988,16.033530,5.720160,232.023400,2.267005,0.215641,1,0,1
0,0.853597,10.000000,0.783469,6.056386,-2.778509,16.033530,5.523960,231.791700,1.956194,0.169215,1,1,1
0,0.831415,10.000000,0.050499,-6.124137,0.498253,14.594700,-8.556976,788.326100,14.550910,12.444460,0,0,0
0,0.831415,10.000000,0.116702,-5.248456,-0.038710,14.594700,-9.145577,785.965800,13.575370,11.462900,0,0,0
0,0.831415,10.000000,0.166873,-4.372774,-0.610988,14.594700,-9.734179,783.612500,12.601310,10.482860,0,0,0
0,0.831415,10.000000,0.217240,-3.788986,-1.012127,14.594700,-10.126580,782.047600,11.955410,9.833591,0,0,0
0,0.831415,10.000000,0.283839,-2.621410,-1.861493,14.594700,-10.911380,778.927100,10.682250,8.558230,0,0,0
0,0.831415,10.000000,0.350533,-1.745728,-2.539720,14.594700,-11.499980,776.594900,9.756591,7.639965,0,0,0
0,0.831415,10.000000,0.416854,-0.870046,-3.253263,14.594700,-12.088580,774.269700,8.873662,6.781109,0,0,0
0,0.831415,10.000000,0.467205,-0.048451,-2.910539,13.581210,7.592709,101.462900,8.048948,5.942510,0,0,0
0,0.831415,10.000000,0.533681,0.766421,-2.478521,13.581210,7.004109,101.159100,7.252351,5.131855,0,0,0
0,0.831415,10.000000,0.600496,1.581293,-2.081818,13.581210,6.415509,100.856200,6.484046,4.360281,0,0,0
0,0.831415,10.000000,0.667250,2.667790,-1.607817,13.581210,5.630710,100.453800,5.510956,3.416850,0,0,0
0,0.831415,10.000000,0.733667,3.482662,-1.293519,13.581210,5.042110,100.153000,4.828915,2.809865,0,0,0
0,0.831415,10.000000,0.783743,4.297534,-1.014536,13.581210,4.453510,99.853170,4.201228,2.349107,0,0,0
0,0.831415,10.000000,0.850223,5.112407,-0.770870,13.581210,3.864911,99.554200,3.647906,2.117695,0,0,0
0,0.831415,10.000000,0.900278,5.655655,-0.628046,13.581210,3.472511,99.355380,3.334985,2.125095,0,0,0
0,0.831415,10.000000,0.916970,5.927279,-0.562519,13.581210,3.276311,99.256130,3.199607,2.177773,0,1,0
1,0.919083,10.000000,0.067008,-5.540823,0.778367,18.239710,-3.064715,-787.538600,14.058090,11.961580,0,0,1
1,0.919083,10.000000,0.133234,-4.446440,0.570940,18.239710,-3.653315,-785.180600,12.948570,10.855300,0,0,1
1,0.919083,10.000000,0.199823,-3.352058,0.328197,18.239710,-4.241915,-782.829700,11.829880,9.739572,0,0,1
1,0.919083,10.000000,0.250290,-2.257676,0.050138,18.239710,-4.830514,-780.485800,10.701550,8.613696,0,0,1
1,0.919083,10.000000,0.316880,-1.163293,-0.263236,18.239710,-5.419114,-778.148900,9.563254,7.477034,0,0,1
1,0.919083,10.000000,0.383466,-0.068911,-0.611927,18.239710,-6.007714,-775.819100,8.414882,6.329022,0,0,1
1,0.919083,10.000000,0.450012,1.390265,-1.131784,18.239710,-6.792513,-772.723400,6.868684,4.780007,0,0,1
1,0.919083,10.000000,0.516602,2.484648,-1.562878,18.239710,-7.381113,-770.409900,5.699511,3.604583,0,0,1
1,0.919083,10.000000,0.583252,3.579030,-2.029289,18.239710,-7.969713,-768.103100,4.526285,2.419327,0,0,1
1,0.919083,10.000000,0.633390,4.673412,-2.531016,18.239710,-8.558313,-765.803200,3.359484,0.925465,0,0,1
1,0.919083,10.000000,0.699729,5.767795,-3.068058,18.239710,-9.146914,-763.510300,2.233243,0.380530,1,1,1
1,0.966487,10.000000,0.050156,-5.848510,0.838007,19.191510,-2.896087,-788.326100,14.370510,12.273250,0,0,1
1,0.966487,10.000000,0.116573,-4.697020,0.640698,19.191510,-3.484687,-785.965800,13.208670,11.115220,0,0,1
1,0.966487,10.000000,0.166649,-3.545529,0.408073,19.191510,-4.073287,-783.612500,12.038030,9.948366,0,0,1
1,0.966487,10.000000,0.233129,-2.394039,0.140132,19.191510,-4.661886,-781.266300,10.858010,8.771953,0,0,1
1,0.966487,10.000000,0.283185,-1.626379,-0.058116,19.191510,-5.054286,-779.706100,10.065880,7.982022,0,0,1
1,0.966487,10.000000,0.333323,-0.474889,-0.384917,19.191510,-5.642886,-777.371500,8.869183,6.492091,0,0,1
1,0.966487,10.000000,0.399662,0.676601,-0.747034,19.191510,-6.231485,-775.044000,7.662116,5.288285,0,0,1
1,0.966487,10.000000,0.449898,1.828092,-1.144467,19.191510,-6.820085,-772.723400,6.444801,4.072449,0,0,1
1,0.966487,10.000000,0.516309,2.979582,-1.577216,19.191510,-7.408685,-770.409900,5.218133,2.843962,0,0,1
1,0.966487,10.000000,0.566464,4.131072,-2.045281,19.191510,-7.997284,-768.103100,3.984983,1.602337,0,0,1
1,0.966487,10.000000,0.633006,5.282562,-2.548662,19.191510,-8.585885,-765.803200,2.754664,0.349448,1,0,1
1,0.966487,10.000000,0.649730,5.666392,-2.724303,19.191510,-8.782085,-765.038200,2.349837,0.092757,1,1,1
1,1.027395,10.000000,0.050442,-6.194438,0.825087,20.139060,-4.470937,-789.114500,14.700790,12.297510,0,0,1
1,1.027395,10.000000,0.116997,-4.583314,0.428172,20.139060,-5.255737,-785.965800,13.041940,10.640870,0,0,1
1,1.027395,10.000000,0.167110,-3.777752,0.206170,20.139060,-5.648137,-784.396100,12.206350,9.805782,0,0,1
1,1.027395,10.000000,0.233278,-2.166628,-0.284920,20.139060,-6.432936,-781.266300,10.522930,8.121564,0,0,1
1,1.027395,10.000000,0.283789,-1.361066,-0.554010,20.139060,-6.825336,-779.706100,9.675351,7.272357,0,0,1
1,1.027395,10.000000,0.333831,-0.152723,-0.987074,20.139060,-7.413936,-777.371500,8.397545,5.989929,0,0,1
1,1.027395,10.000000,0.400127,1.055621,-1.455454,20.139060,-8.002536,-775.044000,7.114072,4.698361,0,0,1
1,1.027395,10.000000,0.450471,1.861183,-1.787327,20.139060,-8.394937,-773.496200,6.257448,3.834035,0,0,1
1,1.027395,10.000000,0.516942,3.472307,-2.498162,20.139060,-9.179738,-770.409900,4.555419,2.116528,0,0,1
1,1.027395,10.000000,0.583628,4.680650,-3.072490,20.139060,-9.768339,-768.103100,3.320142,0.954129,0,0,1
1,1.027395,10.000000,0.633610,5.860657,-3.105582,19.300800,6.408281,-1320.919000,2.141947,0.463967,1,1,1
0,0.779053,10.000000,0.050194,-6.146546,0.543989,13.900330,-7.627788,788.326100,14.583710,12.172860,0,0,0
0,0.779053,10.000000,0.116404,-5.312526,0.062778,13.900330,-8.216389,785.965800,13.660310,11.242470,0,0,0
0,0.779053,10.000000,0.183154,-4.478507,-0.453750,13.900330,-8.804990,783.612500,12.735640,10.310160,0,0,0
0,0.779053,10.000000,0.233354,-3.644487,-1.005593,13.900330,-9.393591,781.266300,11.814050,9.381184,0,0,0
0,0.779053,10.000000,0.299811,-2.810467,-1.592752,13.900330,-9.982192,778.927100,10.901680,8.463556,0,0,0
0,0.779053,10.000000,0.366886,-1.976448,-2.215227,13.900330,-10.570790,776.594900,10.007270,7.569633,0,0,0
0,0.779053,10.000000,0.433441,-0.864421,-3.100131,13.900330,-11.355590,773.496200,8.864987,6.449457,0,0,0
0,0.779053,10.000000,0.483554,-0.327793,-3.178442,12.931120,7.636196,141.470300,8.329704,5.919026,0,0,0
0,0.779053,10.000000,0.549722,0.706697,-2.606787,12.931120,6.851397,140.905800,7.303895,4.870099,0,0,0
0,0.779053,10.000000,0.600233,1.223941,-2.344503,12.931120,6.458997,140.624400,6.807691,4.368969,0,0,0
0,0.779053,10.000000,0.650275,1.999808,-1.980507,12.931120,5.870397,140.203300,6.086187,3.654946,0,0,0
0,0.779053,10.000000,0.716570,2.775675,-1.651828,12.931120,5.281797,139.783600,5.395474,3.003363,0,0,0
0,0.779053,10.000000,0.766914,3.292919,-1.452328,12.931120,4.889398,139.504400,4.954987,2.620280,0,0,0
0,0.779053,10.000000,0.833386,4.327408,-1.100416,12.931120,4.104598,138.947800,4.134774,2.060256,0,0,0
0,0.779053,10.000000,0.900071,5.103274,-0.877684,12.931120,3.515998,138.531700,3.590995,1.921124,0,0,0
0,0.779053,10.000000,0.933449,5.620519,-0.748817,12.931120,3.123599,138.255100,3.275631,1.991704,0,1,0
1,1.047009,10.000000,0.066798,-5.799847,0.604705,20.002570,-6.784453,-788.326100,14.262880,11.856370,0,0,0
1,1.047009,10.000000,0.133099,-4.199642,0.022709,20.002570,-7.569253,-785.180600,12.568530,10.157540,0,0,0
1,1.047009,10.000000,0.199931,-2.999488,-0.454990,20.002570,-8.157853,-782.829700,11.290080,8.873706,0,0,0
1,1.047009,10.000000,0.266442,-1.799334,-0.968005,20.002570,-8.746454,-780.485800,10.007790,7.584218,0,0,0
1,1.047009,10.000000,0.316716,-0.599180,-1.516336,20.002570,-9.335055,-778.148900,8.726233,6.294244,0,0,0
1,1.047009,10.000000,0.366725,0.200923,-1.901510,20.002570,-9.727456,-776.594900,7.876058,5.439070,0,0,0
1,1.047009,10.000000,0.432988,1.801128,-2.718947,20.002570,-10.512260,-773.496200,6.205240,3.773903,0,0,0
1,1.047009,10.000000,0.483172,2.601231,-3.151209,20.002570,-10.904660,-771.951500,5.400887,3.002038,0,0,0
1,1.047009,10.000000,0.533211,3.761577,-3.023047,19.086750,6.823159,-1375.512000,4.238485,1.835352,0,0,0
1,1.047009,10.000000,0.583412,4.525047,-2.761893,19.086750,6.430759,-1372.765000,3.483101,1.050153,0,0,0
1,1.047009,10.000000,0.633308,5.670252,-2.399591,19.086750,5.842160,-1368.654000,2.405871,0.353492,1,1,0
1,0.959024,10.000000,0.050008,-6.244425,0.855073,18.889400,-3.721289,-789.114500,14.756870,12.354060,0,0,1
1,0.959024,10.000000,0.116272,-4.733274,0.518130,18.889400,-4.506089,-785.965800,13.210360,10.810890,0,0,1
1,0.959024,10.000000,0.166456,-3.977699,0.326114,18.889400,-4.898489,-784.396100,12.430940,10.032680,0,0,1
1,0.959024,10.000000,0.216495,-2.844336,0.008661,18.889400,-5.487088,-782.047600,11.253960,8.856629,0,0,1
1,0.959024,10.000000,0.266696,-2.088760,-0.222595,18.889400,-5.879488,-780.485800,10.464080,8.066606,0,0,1
1,0.959024,10.000000,0.333247,-0.955396,-0.598908,18.889400,-6.468088,-778.148900,9.271697,6.872408,0,0,1
1,0.959024,10.000000,0.399995,0.555755,-1.155594,18.889400,-7.252887,-775.044000,7.669330,5.263353,0,0,1
1,0.959024,10.000000,0.467947,1.689118,-1.614312,18.889400,-7.841487,-772.723400,6.461220,4.045619,0,0,1
1,0.959024,10.000000,0.532903,2.822482,-2.108345,18.889400,-8.430088,-770.409900,5.253736,2.824039,0,0,1
1,0.959024,10.000000,0.583389,3.955845,-2.637694,18.889400,-9.018689,-768.103100,4.060351,1.622356,0,0,1
1,0.959024,10.000000,0.650122,5.089209,-3.202359,18.889400,-9.607290,-765.803200,2.917817,1.258660,0,0,1
1,0.959024,10.000000,0.716567,6.546578,-2.924723,18.080610,5.783668,-1297.276000,1.455370,0.341063,1,1,1
1,0.926956,10.000000,0.066292,-6.027219,0.436999,16.213020,-9.579551,-788.326100,14.442160,12.029310,0,0,0
1,0.926956,10.000000,0.116485,-5.378699,0.042045,16.213020,-9.971951,-786.751800,13.720190,11.301450,0,0,0
1,0.926956,10.000000,0.189078,-4.081658,-0.794951,16.213020,-10.756750,-783.612500,12.281230,9.850570,0,0,0
1,0.926956,10.000000,0.249777,-3.108877,-1.463900,16.213020,-11.345350,-781.266300,11.214580,8.777111,0,0,0
1,0.926956,10.000000,0.300098,-2.136096,-2.168165,16.213020,-11.933960,-778.927100,10.170170,7.732243,0,0,0
1,0.926956,10.000000,0.366423,-1.163316,-2.907746,16.213020,-12.522560,-776.594900,9.163780,7.425081,0,0,0
1,0.926956,10.000000,0.416627,-0.521863,-3.269221,15.147540,8.394722,-1481.337000,8.526114,6.802351,0,0,0
1,0.926956,10.000000,0.483066,0.689939,-2.636883,15.147540,7.609921,-1475.426000,7.319074,5.570885,0,0,0
1,0.926956,10.000000,0.533068,1.295841,-2.344259,15.147540,7.217522,-1472.480000,6.736152,4.979779,0,0,0
1,0.926956,10.000000,0.583258,2.204692,-1.934752,15.147540,6.628922,-1468.071000,5.892397,4.134355,0,0,0
1,0.926956,10.000000,0.633552,2.810594,-1.681367,15.147540,6.236522,-1465.139000,5.354319,3.608076,0,0,0
1,0.926956,10.000000,0.699956,4.022396,-1.221685,15.147540,5.451723,-1459.293000,4.357033,2.703991,0,0,0
1,0.926956,10.000000,0.750129,4.628298,-1.015388,15.147540,5.059323,-1456.379000,3.912424,2.374092,0,0,0
1,0.926956,10.000000,0.800192,5.537150,-0.735373,15.147540,4.470723,-1452.018000,3.345768,2.130928,0,0,0
1,0.926956,10.000000,0.866455,6.446003,-0.490674,15.147540,3.882123,-1447.671000,2.951546,2.257014,0,1,0
1,1.090658,10.000000,0.066325,-5.730272,0.659092,21.162140,-5.878001,-788.326100,14.209480,12.462640,0,0,1
1,1.090658,10.000000,0.116529,-4.883787,0.412200,21.162140,-6.270401,-786.751800,13.327980,11.580910,0,0,1
1,1.090658,10.000000,0.182968,-3.190817,-0.128672,21.162140,-7.055200,-783.612500,11.553310,9.804822,0,0,1
1,1.090658,10.000000,0.232970,-2.344332,-0.422652,21.162140,-7.447600,-782.047600,10.660580,8.910803,0,0,1
1,1.090658,10.000000,0.283160,-1.074604,-0.893051,21.162140,-8.036200,-779.706100,9.315990,7.563447,0,0,1
1,1.090658,10.000000,0.333454,-0.228119,-1.226271,21.162140,-8.428600,-778.148900,8.417129,6.662235,0,0,1
1,1.090658,10.000000,0.399859,1.464851,-1.939799,21.162140,-9.213402,-775.044000,6.620589,4.861330,0,0,1
1,1.090658,10.000000,0.450031,2.311337,-2.320107,21.162140,-9.605803,-773.496200,5.729149,3.970797,0,0,1
1,1.090658,10.000000,0.500094,3.581064,-2.919999,21.162140,-10.194400,-771.180300,4.419660,2.684846,0,0,1
1,1.090658,10.000000,0.566358,4.832929,-3.188084,20.288730,6.685223,-1347.264000,3.172651,1.495641,0,0,1
1,1.090658,10.000000,0.616684,5.644478,-2.932447,20.288730,6.292823,-1344.573000,2.356491,0.644782,0,0,1
1,1.090658,10.000000,0.649676,6.456027,-2.692506,20.288730,5.900424,-1341.888000,1.574295,0.201825,1,1,1
0,0.889467,10.000000,0.050133,-6.069663,0.453265,15.505640,-9.308452,788.326100,14.487250,12.736340,0,0,0
0,0.889467,10.000000,0.100451,-5.449438,0.069155,15.505640,-9.700852,786.751800,13.795180,12.041560,0,0,0
0,0.889467,10.000000,0.150453,-4.519100,-0.536440,15.505640,-10.289450,784.396100,12.759190,11.001900,0,0,0
0,0.889467,10.000000,0.216734,-3.588762,-1.177351,15.505640,-10.878050,782.047600,11.731220,9.971832,0,0,0
0,0.889467,10.000000,0.267141,-2.658424,-1.853578,15.505640,-11.466660,779.706100,10.719900,8.962238,0,0,0
0,0.889467,10.000000,0.317235,-2.038199,-2.324016,15.505640,-11.859060,778.148900,10.060930,8.308489,0,0,0
0,0.889467,10.000000,0.383845,-0.797748,-3.311980,15.505640,-12.643860,775.044000,8.803277,7.080758,0,0,0
0,0.889467,10.000000,0.450129,0.070910,-2.850717,14.446330,7.953638,71.928600,7.930495,6.189950,0,0,0
0,0.889467,10.000000,0.516724,0.937690,-2.397043,14.446330,7.365038,71.713240,7.088002,5.333218,0,0,0
0,0.889467,10.000000,0.566878,1.804470,-1.978685,14.446330,6.776438,71.498530,6.279146,4.519977,0,0,0
0,0.889467,10.000000,0.633816,2.671250,-1.595642,14.446330,6.187839,71.284460,5.510699,3.766663,0,0,0
0,0.889467,10.000000,0.700533,3.538029,-1.247916,14.446330,5.599239,71.071020,4.793639,3.103986,0,0,0
0,0.889467,10.000000,0.767029,4.693736,-0.839217,14.446330,4.814439,70.787440,3.949730,2.462875,0,0,0
0,0.889467,10.000000,0.817145,5.271589,-0.658412,14.446330,4.422040,70.646060,3.595450,2.304281,0,0,0
0,0.889467,10.000000,0.867194,6.138369,-0.416634,14.446330,3.833440,70.434550,3.184251,2.326541,0,0,0
0,0.889467,10.000000,0.883554,6.427295,-0.343889,14.446330,3.637240,70.364180,3.086799,2.401953,0,1,0
0,0.879048,10.000000,0.066326,-5.786434,0.249823,15.169590,-9.671514,787.538600,14.164290,12.411790,0,0,0
0,0.879048,10.000000,0.116592,-5.179651,-0.148809,15.169590,-10.063910,785.965800,13.484530,11.729320,0,0,0
0,0.879048,10.000000,0.166708,-4.269477,-0.776188,15.169590,-10.652520,783.612500,12.469380,10.710910,0,0,0
0,0.879048,10.000000,0.233254,-3.359302,-1.438883,15.169590,-11.241120,781.266300,11.466070,9.706770,0,0,0
0,0.879048,10.000000,0.300018,-2.449127,-2.136893,15.169590,-11.829720,778.927100,10.484710,8.729855,0,0,0
0,0.879048,10.000000,0.366174,-1.235560,-3.122510,15.169590,-12.614520,775.819100,9.236372,7.505184,0,0,0
0,0.879048,10.000000,0.416526,-0.653542,-3.133708,14.112700,8.130768,74.376870,8.654575,6.924613,0,0,0
0,0.879048,10.000000,0.466581,0.193220,-2.669405,14.112700,7.542168,74.154170,7.813777,6.067061,0,0,0
0,0.879048,10.000000,0.516697,0.757728,-2.379491,14.112700,7.149768,74.006090,7.268806,5.513940,0,0,0
0,0.879048,10.000000,0.566747,1.604489,-1.974049,14.112700,6.561169,73.784510,6.477278,4.717971,0,0,0
0,0.879048,10.000000,0.633119,2.451251,-1.603923,14.112700,5.972569,73.563590,5.721682,3.974449,0,0,0
0,0.879048,10.000000,0.683266,3.298013,-1.269113,14.112700,5.383969,73.343340,5.010454,3.306978,0,0,0
0,0.879048,10.000000,0.750024,4.144775,-0.969619,14.112700,4.795370,73.123740,4.357202,2.758238,0,0,0
0,0.879048,10.000000,0.816441,4.991536,-0.705441,14.112700,4.206770,72.904800,3.783630,2.397520,0,0,0
0,0.879048,10.000000,0.866497,5.838297,-0.476579,14.112700,3.618170,72.686520,3.322742,2.302346,0,0,0
0,0.879048,10.000000,0.916400,6.402805,-0.343624,14.112700,3.225770,72.541350,3.099575,2.400635,0,1,0
0,0.801471,10.000000,0.066156,-5.763109,0.597682,15.380750,-5.298650,787.538600,14.225560,12.477670,0,0,0
0,0.801471,10.000000,0.116509,-5.147879,0.373965,15.380750,-5.691050,785.965800,13.573880,11.825120,0,0,0
0,0.801471,10.000000,0.166563,-4.225035,0.008958,15.380750,-6.279649,783.612500,12.589890,10.839280,0,0,0
0,0.801471,10.000000,0.216679,-3.609805,-0.254000,15.380750,-6.672049,782.047600,11.930130,10.177950,0,0,0
0,0.801471,10.000000,0.266729,-2.686960,-0.677867,15.380750,-7.260649,779.706100,10.936330,9.181403,0,0,0
0,0.801471,10.000000,0.333101,-1.764114,-1.137050,15.380750,-7.849248,777.371500,9.940248,8.182529,0,0,0
0,0.801471,10.000000,0.383248,-0.841269,-1.631549,15.380750,-8.437849,775.044000,8.946548,7.187130,0,0,0
0,0.801471,10.000000,0.450006,0.081576,-2.161363,15.380750,-9.026450,772.723400,7.962710,6.205331,0,0,0
0,0.801471,10.000000,0.516423,1.004421,-2.726494,15.380750,-9.615051,770.409900,7.000924,5.255466,0,0,0
0,0.801471,10.000000,0.566479,1.927266,-3.326941,15.380750,-10.203650,768.103100,6.081529,4.372180,0,0,0
0,0.801471,10.000000,0.632878,2.798632,-2.933119,14.522770,6.367503,201.635900,5.201798,3.124787,0,0,0
0,0.801471,10.000000,0.683116,3.669998,-2.574613,14.522770,5.778903,201.032100,4.350848,2.253525,0,0,0
0,0.801471,10.000000,0.749970,4.541364,-2.251423,14.522770,5.190304,200.430200,3.538719,1.460243,0,0,0
0,0.801471,10.000000,0.816201,5.412730,-1.963549,14.522770,4.601704,199.830100,2.787149,0.926075,0,0,0
0,0.801471,10.000000,0.849899,5.993640,-1.791252,14.522770,4.209304,199.431000,2.342338,0.951802,0,1,0
1,1.077535,10.000000,0.050197,-5.765366,0.592224,20.577240,-6.992468,-788.326100,14.226360,12.478380,0,0,0
1,1.077535,10.000000,0.116917,-4.530731,0.149132,20.577240,-7.581068,-785.965800,12.920380,11.170680,0,0,0
1,1.077535,10.000000,0.183495,-3.296097,-0.329276,20.577240,-8.169668,-783.612500,11.607520,9.855359,0,0,0
1,1.077535,10.000000,0.250230,-1.649919,-1.022089,20.577240,-8.954470,-780.485800,9.850536,8.094194,0,0,0
1,1.077535,10.000000,0.316629,-0.415285,-1.582901,20.577240,-9.543071,-778.148900,8.533768,6.437574,0,0,0
1,1.077535,10.000000,0.366866,0.819349,-2.179029,20.577240,-10.131670,-775.819100,7.227429,5.128867,0,0,0
1,1.077535,10.000000,0.433721,2.053983,-2.810473,20.577240,-10.720270,-773.496200,5.949037,3.864105,0,0,0
1,1.077535,10.000000,0.499952,3.276862,-3.232292,19.644260,7.350767,-1389.640000,4.728847,2.686082,0,0,0
1,1.077535,10.000000,0.549966,4.455517,-2.814791,19.644260,6.762167,-1385.479000,3.549319,1.463841,0,0,0
1,1.077535,10.000000,0.600346,5.241287,-2.556076,19.644260,6.369768,-1382.712000,2.794202,0.700727,0,0,0
1,1.077535,10.000000,0.633762,6.027058,-2.313057,19.644260,5.977368,-1379.951000,2.089113,0.440789,1,1,0
1,0.952179,10.000000,0.050099,-5.876904,0.766159,18.718270,-4.093549,-788.326100,14.378890,12.304460,0,0,1
1,0.952179,10.000000,0.100331,-5.128173,0.590645,18.718270,-4.485949,-786.751800,13.610350,11.536850,0,0,1
1,0.952179,10.000000,0.166812,-3.630712,0.192530,18.718270,-5.270748,-783.612500,12.060920,9.988345,0,0,1
1,0.952179,10.000000,0.233517,-2.507616,-0.147259,18.718270,-5.859348,-781.266300,10.887980,8.814986,0,0,1
1,0.952179,10.000000,0.300213,-1.384520,-0.522364,18.718270,-6.447948,-778.927100,9.706076,7.631292,0,0,1
1,0.952179,10.000000,0.366448,0.112941,-1.077439,18.718270,-7.232747,-775.819100,8.118001,6.037912,0,0,1
1,0.952179,10.000000,0.416814,0.861671,-1.378521,18.718270,-7.625147,-774.269700,7.320173,5.235884,0,0,1
1,0.952179,10.000000,0.466963,1.984767,-1.859574,18.718270,-8.213747,-771.951500,6.122385,4.030026,0,0,1
1,0.952179,10.000000,0.533216,3.107863,-2.375942,18.718270,-8.802348,-769.640100,4.931780,2.833071,0,0,1
1,0.952179,10.000000,0.583438,3.856593,-2.739808,18.718270,-9.194749,-768.103100,4.151568,2.060852,0,0,1
1,0.952179,10.000000,0.649900,5.339214,-3.207986,17.894960,6.486709,-1310.800000,2.668902,0.743883,0,0,1
1,0.952179,10.000000,0.700027,6.055013,-2.960289,17.894960,6.094309,-1308.182000,1.945393,0.259716,1,1,1
0,0.835916,10.000000,0.066235,-5.681169,0.737733,16.484270,-3.572433,787.538600,14.182560,12.108780,0,0,1
0,0.835916,10.000000,0.116601,-5.021799,0.583064,16.484270,-3.964833,785.965800,13.505760,11.432840,0,0,1
0,0.835916,10.000000,0.166750,-4.032743,0.321630,16.484270,-4.553433,783.612500,12.482790,10.410560,0,0,1
0,0.835916,10.000000,0.233002,-3.043687,0.024880,16.484270,-5.142033,781.266300,11.450460,9.377977,0,0,1
0,0.835916,10.000000,0.283225,-2.384317,-0.192573,16.484270,-5.534432,779.706100,10.757120,8.683815,0,0,1
0,0.835916,10.000000,0.349687,-1.065576,-0.674568,16.484270,-6.319232,776.594900,9.359076,7.282073,0,0,1
0,0.835916,10.000000,0.399813,-0.406205,-0.939109,16.484270,-6.711632,775.044000,8.655147,6.575087,0,0,1
0,0.835916,10.000000,0.466779,0.912536,-1.515279,16.484270,-7.496431,771.951500,7.241308,5.152578,0,0,1
0,0.835916,10.000000,0.532848,1.901592,-1.988609,16.484270,-8.085032,769.640100,6.181706,4.085544,0,0,1
0,0.835916,10.000000,0.583344,2.560963,-2.323782,16.484270,-8.477432,768.103100,5.480912,3.382191,0,0,1
0,0.835916,10.000000,0.633470,3.550018,-2.855972,16.484270,-9.066033,765.803200,4.452312,2.370266,0,0,1
0,0.835916,10.000000,0.700032,4.531754,-3.267234,15.687770,6.275513,235.517600,3.478526,1.482605,0,0,1
0,0.835916,10.000000,0.766313,5.786774,-2.804433,15.687770,5.490713,234.577900,2.221849,0.145694,1,0,1
0,0.835916,10.000000,0.800008,6.100529,-2.698542,15.687770,5.294513,234.343500,1.923244,0.187719,1,1,1
0,0.894867,10.000000,0.066638,-5.610817,0.614084,17.364800,-5.118247,787.538600,14.082470,12.006280,0,0,0
0,0.894867,10.000000,0.133405,-4.568930,0.283446,17.364800,-5.706846,785.180600,12.990730,10.913540,0,0,0
0,0.894867,10.000000,0.199602,-3.527042,-0.082509,17.364800,-6.295446,782.829700,11.890520,9.811250,0,0,0
0,0.894867,10.000000,0.249699,-2.485155,-0.483780,17.364800,-6.884046,780.485800,10.782850,8.700244,0,0,0
0,0.894867,10.000000,0.316149,-1.443268,-0.920366,17.364800,-7.472645,778.148900,9.669549,7.582293,0,0,0
0,0.894867,10.000000,0.366694,-0.401380,-1.392269,17.364800,-8.061245,775.819100,8.553828,6.460955,0,0,0
0,0.894867,10.000000,0.433115,0.640508,-1.899487,17.364800,-8.649846,773.496200,7.441321,5.343457,0,0,0
0,0.894867,10.000000,0.483410,1.335099,-2.257253,17.364800,-9.042247,771.951500,6.706160,4.607704,0,0,0
0,0.894867,10.000000,0.549504,2.724283,-3.019872,17.364800,-9.827048,768.871200,5.275754,3.205405,0,0,0
0,0.894867,10.000000,0.599769,3.411451,-3.266422,16.521700,6.642642,208.454400,4.596277,2.560689,0,0,0
0,0.894867,10.000000,0.650053,4.402753,-2.891407,16.521700,6.054042,207.830300,3.598886,1.522241,0,0,0
0,0.894867,10.000000,0.716409,5.394054,-2.551709,16.521700,5.465443,207.208000,2.644223,0.556230,0,0,0
0,0.894867,10.000000,0.749881,6.054922,-2.344863,16.521700,5.073043,206.794200,2.052445,0.418369,1,1,0
0,0.919650,10.000000,0.050544,-5.903154,0.854731,18.280770,-2.617354,788.326100,14.427640,12.355110,0,0,1
0,0.919650,10.000000,0.116965,-4.806308,0.674146,18.280770,-3.205953,785.965800,13.322940,11.254120,0,0,1
0,0.919650,10.000000,0.167261,-4.075077,0.534136,18.280770,-3.598353,784.396100,12.581640,10.515250,0,0,1
0,0.919650,10.000000,0.233355,-2.612616,0.207028,18.280770,-4.383153,781.266300,11.086600,9.024795,0,0,1
0,0.919650,10.000000,0.283620,-1.881385,0.019929,18.280770,-4.775553,779.706100,10.332560,8.272785,0,0,1
0,0.919650,10.000000,0.333904,-0.784539,-0.290148,18.280770,-5.364152,777.371500,9.193009,7.135711,0,0,1
0,0.919650,10.000000,0.400260,0.312307,-0.635541,18.280770,-5.952752,775.044000,8.043090,5.987180,0,0,1
0,0.919650,10.000000,0.467207,1.409153,-1.016250,18.280770,-6.541352,772.723400,6.882916,4.826595,0,0,1
0,0.919650,10.000000,0.533541,2.871614,-1.578797,18.280770,-7.326151,769.640100,5.321669,3.259675,0,0,1
0,0.919650,10.000000,0.600647,3.968461,-2.041910,18.280770,-7.914751,767.335700,4.143820,2.070235,0,0,1
0,0.919650,10.000000,0.666838,5.065307,-2.540339,18.280770,-8.503352,765.038200,2.970474,1.324262,0,0,1
0,0.919650,10.000000,0.717207,6.162153,-3.074085,18.280770,-9.091953,762.747500,1.839340,0.395821,1,0,1
0,0.919650,10.000000,0.733842,6.527768,-3.259848,18.280770,-9.288154,761.985500,1.494987,0.541991,1,1,1
1,1.072278,10.000000,0.066809,-5.756740,0.644817,20.721010,-6.115912,-788.326100,14.231390,12.154980,0,0,1
1,1.072278,10.000000,0.133309,-4.099059,0.116305,20.721010,-6.900712,-785.180600,12.493940,10.415800,0,0,1
1,1.072278,10.000000,0.199894,-2.855799,-0.321282,20.721010,-7.489312,-782.829700,11.181410,9.100551,0,0,1
1,1.072278,10.000000,0.266588,-1.612538,-0.794184,20.721010,-8.077911,-780.485800,9.862379,7.777330,0,0,1
1,1.072278,10.000000,0.333024,0.045142,-1.479657,20.721010,-8.862713,-777.371500,8.098840,6.453554,0,0,1
1,1.072278,10.000000,0.383037,0.873982,-1.845937,20.721010,-9.255114,-775.819100,7.218863,5.572637,0,0,1
1,1.072278,10.000000,0.433420,2.117243,-2.424788,20.721010,-9.843715,-773.496200,5.910812,4.268842,0,0,1
1,1.072278,10.000000,0.499967,3.360503,-3.038955,20.721010,-10.432320,-771.180300,4.639660,3.028718,0,0,1
1,1.072278,10.000000,0.550134,4.574908,-3.101484,19.827970,6.839866,-1360.262000,3.426595,1.835471,0,0,1
1,1.072278,10.000000,0.616560,5.764585,-2.714636,19.827970,6.251266,-1356.189000,2.253555,0.610373,0,0,1
1,1.072278,10.000000,0.650074,6.557704,-2.476358,19.827970,5.858867,-1353.481000,1.534412,0.321086,1,1,1
0,0.818441,10.000000,0.066191,-6.157529,0.469297,14.023930,-9.030627,788.326100,14.576410,12.936370,0,0,0
0,0.818441,10.000000,0.116560,-5.316093,-0.096085,14.023930,-9.619228,785.965800,13.629050,11.985770,0,0,0
0,0.818441,10.000000,0.182964,-4.474658,-0.696782,14.023930,-10.207830,783.612500,12.685500,11.039810,0,0,0
0,0.818441,10.000000,0.233535,-3.633223,-1.332796,14.023930,-10.796430,781.266300,11.752080,10.106110,0,0,0
0,0.818441,10.000000,0.299757,-2.791787,-2.004126,14.023930,-11.385030,778.927100,10.837640,9.195709,0,0,0
0,0.818441,10.000000,0.349849,-1.950352,-2.710771,14.023930,-11.973630,776.594900,9.954555,8.324835,0,0,0
0,0.818441,10.000000,0.416115,-1.118650,-3.248217,12.987550,8.165452,87.266160,9.122027,7.510296,0,0,0
0,0.818441,10.000000,0.466368,-0.599148,-2.933371,12.987550,7.773052,87.091890,8.599406,6.976260,0,0,0
0,0.818441,10.000000,0.519929,0.180104,-2.490532,12.987550,7.184453,86.831120,7.836474,6.199348,0,0,0
0,0.818441,10.000000,0.583628,0.959357,-2.083009,12.987550,6.595853,86.571140,7.100108,5.454784,0,0,0
0,0.818441,10.000000,0.649675,1.998360,-1.594581,12.987550,5.811053,86.225700,6.163999,4.523492,0,0,0
0,0.818441,10.000000,0.699856,2.517862,-1.373911,12.987550,5.418653,86.053500,5.718217,4.091372,0,0,0
0,0.818441,10.000000,0.750045,3.297114,-1.072336,12.987550,4.830054,85.795850,5.082620,3.500140,0,0,0
0,0.818441,10.000000,0.816138,4.076367,-0.806077,12.987550,4.241454,85.538970,4.495352,3.003524,0,0,0
0,0.818441,10.000000,0.866561,4.595869,-0.648191,12.987550,3.849054,85.368140,4.137526,2.745715,0,0,0
0,0.818441,10.000000,0.932773,5.634872,-0.379507,12.987550,3.064255,85.027500,3.529988,2.473636,0,0,0
0,0.818441,10.000000,0.983686,6.154374,-0.268709,12.987550,2.671855,84.857700,3.296405,2.481070,0,0,0
0,0.818441,10.000000,0.999581,6.414124,-0.219196,12.987550,2.475655,84.772920,3.201230,2.521117,0,1,0
1,1.026863,10.000000,0.066875,-5.989767,0.270882,16.837210,-12.348180,-788.326100,14.367050,12.725520,0,0,0
1,1.026863,10.000000,0.133668,-4.642790,-0.756212,16.837210,-13.132980,-785.180600,12.840350,11.194400,0,0,0
1,1.026863,10.000000,0.183814,-3.969301,-1.293303,16.837210,-13.525380,-783.612500,12.090370,10.444410,0,0,0
1,1.026863,10.000000,0.250217,-2.959069,-2.128369,16.837210,-14.113980,-781.266300,10.993680,9.353518,0,0,0
1,1.026863,10.000000,0.316838,-1.612093,-3.296727,16.837210,-14.898780,-778.148900,9.616672,8.005905,0,0,0
1,1.026863,10.000000,0.383521,-0.673444,-2.772689,15.591870,9.419337,-1599.685000,8.676422,7.047951,0,0,0
1,1.026863,10.000000,0.433711,0.262068,-2.231073,15.591870,8.830736,-1594.895000,7.776043,6.133514,0,0,0
1,1.026863,10.000000,0.499804,1.197580,-1.724774,15.591870,8.242135,-1590.120000,6.920919,5.275460,0,0,0
1,1.026863,10.000000,0.550226,1.821254,-1.406860,15.591870,7.849735,-1586.944000,6.380830,4.744331,0,0,0
1,1.026863,10.000000,0.616438,3.068604,-0.818122,15.591870,7.064935,-1580.612000,5.392519,3.823886,0,0,0
1,1.026863,10.000000,0.667351,3.692279,-0.547296,15.591870,6.672535,-1577.456000,4.957037,3.464374,0,0,0
1,1.026863,10.000000,0.732525,4.939628,-0.052734,15.591870,5.887736,-1571.161000,4.248795,3.046319,0,0,0
1,1.026863,10.000000,0.783207,5.563303,0.171004,15.591870,5.495336,-1568.024000,3.999095,3.021899,0,0,0
1,1.026863,10.000000,0.833348,6.498814,0.477180,15.591870,4.906736,-1563.329000,3.787392,3.219583,0,1,0
0,0.920042,10.000000,0.050107,-6.354880,0.633877,16.128010,-9.251187,789.114500,14.807690,13.168840,0,0,0
0,0.920042,10.000000,0.116465,-5.064641,-0.145458,16.128010,-10.035990,785.965800,13.372860,11.729620,0,0,0
0,0.920042,10.000000,0.167267,-4.419521,-0.558669,16.128010,-10.428390,784.396100,12.657200,11.012160,0,0,0
0,0.920042,10.000000,0.233142,-3.129281,-1.432180,16.128010,-11.213190,781.266300,11.239170,9.593276,0,0,0
0,0.920042,10.000000,0.299976,-2.161601,-2.128516,16.128010,-11.801790,778.927100,10.198900,8.557906,0,0,0
0,0.920042,10.000000,0.367244,-1.193921,-2.860167,16.128010,-12.390390,776.594900,9.194984,7.569306,0,0,0
0,0.920042,10.000000,0.432418,0.051429,-2.983003,15.073430,7.916416,75.826690,7.948589,6.327670,0,0,0
0,0.920042,10.000000,0.483100,0.654366,-2.678118,15.073430,7.524016,75.675260,7.352684,5.720400,0,0,0
0,0.920042,10.000000,0.533241,1.558771,-2.250222,15.073430,6.935416,75.448680,6.484720,4.840503,0,0,0
0,0.920042,10.000000,0.583463,2.161708,-1.984577,15.073430,6.543016,75.298000,5.925938,4.279919,0,0,0
0,0.920042,10.000000,0.649797,3.066113,-1.615540,15.073430,5.954417,75.072530,5.124449,3.494192,0,0,0
0,0.920042,10.000000,0.716688,4.271986,-1.178427,15.073430,5.169617,74.772980,4.149243,2.618928,0,0,0
0,0.920042,10.000000,0.783403,5.176391,-0.891794,15.073430,4.581017,74.549100,3.523819,2.202536,0,0,0
0,0.920042,10.000000,0.849831,6.080796,-0.640477,15.073430,3.992418,74.325900,3.041495,2.119957,0,0,0
0,0.920042,10.000000,0.866365,6.382265,-0.564553,15.073430,3.796218,74.251640,2.923777,2.175461,0,1,0
1,0.995053,10.000000,0.050913,-6.220583,0.826388,19.485420,-4.438402,-789.114500,14.726380,13.090210,0,0,1
1,0.995053,10.000000,0.116087,-4.661749,0.432076,19.485420,-5.223202,-785.965800,13.118650,11.483000,0,0,1
1,0.995053,10.000000,0.166769,-3.882332,0.211376,19.485420,-5.615602,-784.396100,12.308650,10.672950,0,0,1
1,0.995053,10.000000,0.216909,-2.713207,-0.149104,19.485420,-6.204201,-782.047600,11.086050,9.449758,0,0,1
1,0.995053,10.000000,0.267132,-1.933791,-0.409044,19.485420,-6.596601,-780.485800,10.266120,8.629015,0,0,1
1,0.995053,10.000000,0.333466,-0.764666,-0.828384,19.485420,-7.185201,-778.148900,9.029689,7.390601,0,0,1
1,0.995053,10.000000,0.400356,0.794167,-1.442440,19.485420,-7.970000,-775.044000,7.372246,5.729137,0,0,1
1,0.995053,10.000000,0.467072,1.963292,-1.944184,19.485420,-8.558601,-772.723400,6.128343,4.482351,0,0,1
1,0.995053,10.000000,0.533499,3.132417,-2.481244,19.485420,-9.147202,-770.409900,4.895148,3.252324,0,0,1
1,0.995053,10.000000,0.583643,4.301542,-3.053620,19.485420,-9.735804,-768.103100,3.698847,2.096480,0,0,1
1,0.995053,10.000000,0.633653,5.071052,-3.246858,18.649850,6.583332,-1320.460000,2.939332,1.143960,0,0,1
1,0.995053,10.000000,0.683638,6.190042,-2.875403,18.649850,5.994732,-1316.507000,1.814241,0.164519,1,1,1
0,0.834658,10.000000,0.066277,-6.064536,0.618441,15.590410,-6.555261,788.326100,14.522540,12.884370,0,0,0
0,0.834658,10.000000,0.133402,-5.129111,0.201581,15.590410,-7.143861,785.965800,13.513830,11.873680,0,0,0
0,0.834658,10.000000,0.199531,-3.881879,-0.409167,15.590410,-7.928660,782.829700,12.161060,10.517830,0,0,0
0,0.834658,10.000000,0.249640,-3.258263,-0.738086,15.590410,-8.321061,781.266300,11.483240,9.838519,0,0,0
0,0.834658,10.000000,0.299808,-2.322838,-1.260893,15.590410,-8.909662,778.927100,10.468310,8.822145,0,0,0
0,0.834658,10.000000,0.366378,-1.387414,-1.819017,15.590410,-9.498263,776.594900,9.461410,7.540464,0,0,0
0,0.834658,10.000000,0.417521,-0.451990,-2.412457,15.590410,-10.086860,774.269700,8.472387,6.556771,0,0,0
0,0.834658,10.000000,0.483421,0.483434,-3.041212,15.590410,-10.675470,771.951500,7.516679,5.621237,0,0,0
0,0.834658,10.000000,0.549884,1.388613,-3.090534,14.677310,6.997912,164.965300,6.612007,4.721013,0,0,0
0,0.834658,10.000000,0.616690,2.562798,-2.569941,14.677310,6.213112,164.307100,5.454184,3.537887,0,0,0
0,0.834658,10.000000,0.683370,3.443436,-2.220699,14.677310,5.624513,163.815200,4.622725,2.703502,0,0,0
0,0.834658,10.000000,0.749907,4.324075,-1.906772,14.677310,5.035913,163.324700,3.835046,1.958596,0,0,0
0,0.834658,10.000000,0.799996,5.204713,-1.628161,14.677310,4.447313,162.835700,3.113771,1.425355,0,0,0
0,0.834658,10.000000,0.850058,5.791806,-1.462041,14.677310,4.054914,162.510500,2.690992,1.313802,0,0,0
0,0.834658,10.000000,0.883370,6.378898,-1.311616,14.677310,3.662514,162.185900,2.340643,1.456013,0,1,0
0,0.870080,10.000000,0.066857,-5.977945,0.763058,17.034260,-4.145228,788.326100,14.475620,12.572430,0,0,1
0,0.870080,10.000000,0.133233,-4.955891,0.490801,17.034260,-4.733828,785.965800,13.417930,11.515010,0,0,1
0,0.870080,10.000000,0.183354,-3.933836,0.183227,17.034260,-5.322428,783.612500,12.351090,10.447720,0,0,1
0,0.870080,10.000000,0.233497,-3.252465,-0.041442,17.034260,-5.714828,782.047600,11.634910,9.730732,0,0,1
0,0.870080,10.000000,0.300303,-1.889725,-0.537868,17.034260,-6.499627,778.927100,10.191600,8.284364,0,0,1
0,0.870080,10.000000,0.366983,-0.867670,-0.951389,17.034260,-7.088227,776.594900,9.101230,7.190279,0,0,1
0,0.870080,10.000000,0.433519,0.154386,-1.400227,17.034260,-7.676826,774.269700,8.007055,6.091374,0,0,1
0,0.870080,10.000000,0.483608,1.176441,-1.884380,17.034260,-8.265427,771.951500,6.914157,4.993996,0,0,1
0,0.870080,10.000000,0.533670,1.857811,-2.226769,17.034260,-8.657827,770.409900,6.190668,4.269741,0,0,1
0,0.870080,10.000000,0.600120,3.220552,-2.958635,17.034260,-9.442629,767.335700,4.779627,2.884341,0,0,1
0,0.870080,10.000000,0.666696,4.225277,-3.192290,16.222870,6.196569,227.717400,3.779618,1.925200,0,0,1
0,0.870080,10.000000,0.716806,4.874191,-2.956199,16.222870,5.804169,227.262600,3.126116,1.241375,0,0,1
0,0.870080,10.000000,0.783525,6.172020,-2.531106,16.222870,5.019370,226.355800,1.887160,0.222094,1,1,1
1,1.063613,10.000000,0.066680,-5.759472,0.676253,20.675480,-5.591988,-788.326100,14.242120,12.338440,0,0,1
1,1.063613,10.000000,0.133217,-4.518944,0.317190,20.675480,-6.180588,-785.965800,12.950970,11.046990,0,0,1
1,1.063613,10.000000,0.183306,-3.278416,-0.077189,20.675480,-6.769187,-783.612500,11.650990,9.745839,0,0,1
1,1.063613,10.000000,0.233368,-2.451397,-0.359729,20.675480,-7.161587,-782.047600,10.779740,8.873210,0,0,1
1,1.063613,10.000000,0.299817,-0.797359,-0.971896,20.675480,-7.946387,-778.927100,9.028109,7.117077,0,0,1
1,1.063613,10.000000,0.366393,0.443169,-1.472223,20.675480,-8.534987,-776.594900,7.709721,5.793831,0,0,1
1,1.063613,10.000000,0.416503,1.270188,-1.825394,20.675480,-8.927388,-775.044000,6.831549,4.912301,0,0,1
1,1.063613,10.000000,0.483222,2.924226,-2.578825,20.675480,-9.712190,-771.951500,5.093218,3.176461,0,0,1
1,1.063613,10.000000,0.533226,3.751245,-2.979084,20.675480,-10.104590,-770.409900,4.248807,2.357505,0,0,1
1,1.063613,10.000000,0.583271,4.969479,-3.153181,19.809480,6.626843,-1341.589000,3.034390,1.200462,0,0,1
1,1.063613,10.000000,0.633341,5.761858,-2.899879,19.809480,6.234443,-1338.910000,2.240380,0.370958,0,0,1
1,1.063613,10.000000,0.649932,6.158048,-2.779115,19.809480,6.038243,-1337.572000,1.855149,0.072845,1,1,1
0,0.881123,10.000000,0.066771,-5.824398,0.182630,14.695030,-10.511430,787.538600,14.186020,12.274030,0,0,0
0,0.881123,10.000000,0.133600,-4.942697,-0.471600,14.695030,-11.100030,785.180600,13.187350,11.269940,0,0,0
0,0.881123,10.000000,0.200000,-4.060995,-1.161145,14.695030,-11.688630,782.829700,12.200370,10.279560,0,0,0
0,0.881123,10.000000,0.266743,-2.885393,-2.135476,14.695030,-12.473430,779.706100,10.919670,9.002309,0,0,0
0,0.881123,10.000000,0.316813,-2.297592,-2.646185,14.695030,-12.865830,778.148900,10.303670,8.394711,0,0,0
0,0.881123,10.000000,0.383411,-1.153011,-3.084419,13.585040,8.549182,39.982850,9.153400,7.257783,0,0,0
0,0.881123,10.000000,0.449749,-0.337909,-2.595012,13.585040,7.960581,39.863140,8.347738,6.436137,0,0,0
0,0.881123,10.000000,0.499777,0.205492,-2.288361,13.585040,7.568182,39.783530,7.826926,5.908389,0,0,0
0,0.881123,10.000000,0.550201,1.020595,-1.857815,13.585040,6.979582,39.664410,7.072248,5.152090,0,0,0
0,0.881123,10.000000,0.616345,1.835697,-1.462584,13.585040,6.390982,39.545650,6.353132,4.448263,0,0,0
0,0.881123,10.000000,0.666730,2.650799,-1.102669,13.585040,5.802382,39.427250,5.675721,3.815018,0,0,0
0,0.881123,10.000000,0.733378,3.465902,-0.778070,13.585040,5.213783,39.309200,5.049259,3.281724,0,0,0
0,0.881123,10.000000,0.800172,4.281004,-0.488788,13.585040,4.625183,39.191510,4.487440,2.892115,0,0,0
0,0.881123,10.000000,0.866477,5.367808,-0.158013,13.585040,3.840384,39.035130,3.873671,2.682869,0,0,0
0,0.881123,10.000000,0.916519,5.911210,-0.016170,13.585040,3.447984,38.957170,3.642292,2.730132,0,0,0
0,0.881123,10.000000,0.933245,6.182910,0.048866,13.585040,3.251784,38.918250,3.549281,2.790201,0,1,0
1,0.995057,10.000000,0.066598,-5.694754,0.049124,16.315590,-12.180260,-787.538600,14.030090,12.116730,0,0,0
1,0.995057,10.000000,0.132937,-4.715819,-0.705236,16.315590,-12.768860,-785.180600,12.921220,11.002210,0,0,0
1,0.995057,10.000000,0.182964,-4.063196,-1.227762,16.315590,-13.161260,-783.612500,12.192680,10.271720,0,0,0
1,0.995057,10.000000,0.233389,-3.084260,-2.040982,16.315590,-13.749860,-781.266300,11.125670,9.207427,0,0,0
1,0.995057,10.000000,0.299532,-2.105325,-2.889518,16.315590,-14.338470,-778.927100,10.105930,8.203282,0,0,0
1,0.995057,10.000000,0.349917,-1.162252,-3.046278,15.100300,9.378862,-1581.392000,9.162370,7.265306,0,0,0
1,0.995057,10.000000,0.416565,-0.256235,-2.507091,15.100300,8.790261,-1576.657000,8.270935,6.357098,0,0,0
1,0.995057,10.000000,0.483359,0.649783,-2.003220,15.100300,8.201660,-1571.936000,7.417497,5.496417,0,0,0
1,0.995057,10.000000,0.549665,1.857806,-1.386327,15.100300,7.416860,-1565.664000,6.350629,4.449692,0,0,0
1,0.995057,10.000000,0.599707,2.461818,-1.101425,15.100300,7.024460,-1562.537000,5.854575,3.987046,0,0,0
1,0.995057,10.000000,0.649979,3.367835,-0.703501,15.100300,6.435861,-1557.859000,5.170189,3.381031,0,0,0
1,0.995057,10.000000,0.716249,4.273852,-0.340894,15.100300,5.847261,-1553.194000,4.577666,2.995017,0,0,0
1,0.995057,10.000000,0.766539,5.179870,-0.013602,15.100300,5.258661,-1548.544000,4.107518,2.867014,0,0,0
1,0.995057,10.000000,0.816546,5.783881,0.184972,15.100300,4.866261,-1545.452000,3.880107,2.938616,0,0,0
1,0.995057,10.000000,0.833238,6.085887,0.278373,15.100300,4.670062,-1543.908000,3.796256,3.018434,0,1,0
0,0.816814,10.000000,0.066624,-6.103323,0.577049,14.922920,-7.235435,788.326100,14.549880,12.642820,0,0,0
0,0.816814,10.000000,0.133434,-4.909489,-0.041025,14.922920,-8.020234,785.180600,13.244260,11.332180,0,0,0
0,0.816814,10.000000,0.200143,-4.014113,-0.545783,14.922920,-8.608835,782.829700,12.262220,10.346060,0,0,0
0,0.816814,10.000000,0.250197,-3.118738,-1.085857,14.922920,-9.197436,780.485800,11.282300,9.362615,0,0,0
0,0.816814,10.000000,0.316650,-2.223363,-1.661247,14.922920,-9.786037,778.148900,10.310650,8.359986,0,0,0
0,0.816814,10.000000,0.383108,-1.327988,-2.271953,14.922920,-10.374640,775.819100,9.356357,7.409518,0,0,0
0,0.816814,10.000000,0.433653,-0.432613,-2.917975,14.922920,-10.963240,773.496200,8.433011,6.501781,0,0,0
0,0.816814,10.000000,0.500128,0.441260,-3.159415,13.986080,7.184967,150.783300,7.560421,5.641086,0,0,0
0,0.816814,10.000000,0.566514,1.280424,-2.751861,13.986080,6.596367,150.331900,6.724156,4.786322,0,0,0
0,0.816814,10.000000,0.633154,2.399311,-2.263392,13.986080,5.811567,149.732100,5.648921,3.698261,0,0,0
0,0.816814,10.000000,0.683358,2.958754,-2.042701,13.986080,5.419168,149.433000,5.131334,3.185240,0,0,0
0,0.816814,10.000000,0.733675,3.797918,-1.741095,13.986080,4.830568,148.985600,4.386608,2.478977,0,0,0
0,0.816814,10.000000,0.799865,4.637083,-1.474805,13.986080,4.241968,148.539500,3.692618,1.909087,0,0,0
0,0.816814,10.000000,0.849952,5.476248,-1.243831,13.986080,3.653368,148.094800,3.074646,1.608475,0,0,0
0,0.816814,10.000000,0.916800,6.315413,-1.048173,13.986080,3.064769,147.651400,2.578267,1.710006,0,1,0
1,1.093740,10.000000,0.066499,-5.917339,0.234520,18.044370,-12.954200,-788.326100,14.288260,12.347700,0,0,0
1,1.093740,10.000000,0.116589,-4.834678,-0.566276,18.044370,-13.542800,-785.965800,13.063380,11.116020,0,0,0
1,1.093740,10.000000,0.166646,-4.112904,-1.119760,18.044370,-13.935210,-784.396100,12.257970,10.307770,0,0,0
1,1.093740,10.000000,0.216806,-3.030242,-1.979416,18.044370,-14.523810,-782.047600,11.077360,9.128714,0,0,0
1,1.093740,10.000000,0.283480,-1.947580,-2.874388,18.044370,-15.112410,-779.706100,9.948374,8.015438,0,0,0
1,1.093740,10.000000,0.350151,-0.567989,-2.832786,16.765220,9.685724,-1622.795000,8.569620,6.635370,0,0,0
1,1.093740,10.000000,0.400157,0.102620,-2.457129,16.765220,9.293324,-1619.554000,7.916017,5.970816,0,0,0
1,1.093740,10.000000,0.450311,1.108533,-1.923074,16.765220,8.704722,-1614.705000,6.975105,5.025048,0,0,0
1,1.093740,10.000000,0.516636,2.114446,-1.424334,16.765220,8.116121,-1609.870000,6.092821,4.165518,0,0,0
1,1.093740,10.000000,0.566854,2.785054,-1.111462,16.765220,7.723722,-1606.655000,5.546371,3.663543,0,0,0
1,1.093740,10.000000,0.633218,4.126271,-0.532804,16.765220,6.938922,-1600.245000,4.592693,2.938895,0,0,0
1,1.093740,10.000000,0.683559,4.796880,-0.267019,16.765220,6.546522,-1597.049000,4.210601,2.779957,0,0,0
1,1.093740,10.000000,0.750314,6.138097,0.217462,16.765220,5.761723,-1590.676000,3.717358,2.958323,0,1,0
0,0.777388,10.000000,0.050392,-6.451453,0.650455,13.242180,-8.539649,789.114500,14.905380,12.969200,0,0,0
0,0.777388,10.000000,0.100428,-5.656923,0.114533,13.242180,-9.128250,786.751800,14.007560,12.066170,0,0,0
0,0.777388,10.000000,0.166814,-4.862392,-0.456706,13.242180,-9.716851,784.396100,13.111430,11.165090,0,0,0
0,0.777388,10.000000,0.233478,-3.803019,-1.273294,13.242180,-10.501650,781.266300,11.928650,9.978137,0,0,0
0,0.777388,10.000000,0.300325,-3.008488,-1.926937,13.242180,-11.090250,778.927100,11.060660,9.111569,0,0,0
0,0.777388,10.000000,0.350411,-2.478801,-2.382319,13.242180,-11.482650,777.371500,10.496990,8.553016,0,0,0
0,0.777388,10.000000,0.416752,-1.419875,-3.321383,12.230120,7.973846,103.387000,9.425355,7.509147,0,0,0
0,0.777388,10.000000,0.466771,-0.930670,-3.014201,12.230120,7.581447,103.180600,8.930681,7.002772,0,0,0
0,0.777388,10.000000,0.533571,0.047739,-2.446925,12.230120,6.796647,102.768900,7.971471,6.026124,0,0,0
0,0.777388,10.000000,0.599981,0.781545,-2.062671,12.230120,6.208047,102.461200,7.279057,5.328412,0,0,0
0,0.777388,10.000000,0.650462,1.270750,-1.826121,12.230120,5.815648,102.256500,6.830871,4.882276,0,0,0
0,0.777388,10.000000,0.716898,2.249159,-1.400109,12.230120,5.030848,101.848500,5.969240,4.045884,0,0,0
0,0.777388,10.000000,0.767695,2.738363,-1.210647,12.230120,4.638448,101.645100,5.557572,3.662917,0,0,0
0,0.777388,10.000000,0.833950,3.716772,-0.878812,12.230120,3.853649,101.239500,4.779695,2.997721,0,0,0
0,0.777388,10.000000,0.900254,4.450579,-0.671137,12.230120,3.265049,100.936400,4.245232,2.625290,0,0,0
0,0.777388,10.000000,0.966593,5.184385,-0.498778,12.230120,2.676449,100.634200,3.766138,2.408653,0,0,0
0,0.777388,10.000000,1.016625,5.918192,-0.361735,12.230120,2.087850,100.332900,3.360709,2.382899,0,0,0
0,0.777388,10.000000,1.033768,6.162794,-0.323902,12.230120,1.891650,100.232700,3.246048,2.418007,0,1,0
1,0.910483,10.000000,0.050085,-6.315255,0.739892,17.118620,-6.600810,-789.114500,14.795720,12.861700,0,0,0
1,0.910483,10.000000,0.116427,-4.945765,0.172587,17.118620,-7.385610,-785.965800,13.328850,11.391150,0,0,0
1,0.910483,10.000000,0.166446,-4.261021,-0.134609,17.118620,-7.778009,-784.396100,12.591390,10.651320,0,0,0
1,0.910483,10.000000,0.233246,-2.891532,-0.796090,17.118620,-8.562810,-781.266300,11.112280,9.166748,0,0,0
1,0.910483,10.000000,0.299656,-1.864415,-1.333402,17.118620,-9.151411,-778.927100,10.004210,8.054913,0,0,0
1,0.910483,10.000000,0.350137,-1.179671,-1.711230,17.118620,-9.543812,-777.371500,9.269696,7.319066,0,0,0
1,0.910483,10.000000,0.416573,0.189818,-2.513975,17.118620,-10.328610,-774.269700,7.825290,5.881258,0,0,0
1,0.910483,10.000000,0.467370,0.874563,-2.938891,17.118620,-10.721010,-772.723400,7.125699,5.195977,0,0,0
1,0.910483,10.000000,0.533625,2.203686,-3.018640,16.201760,6.831319,-1376.197000,5.796344,3.873082,0,0,0
1,0.910483,10.000000,0.599929,3.175791,-2.632305,16.201760,6.242719,-1372.076000,4.838201,2.892946,0,0,0
1,0.910483,10.000000,0.666267,4.147897,-2.281286,16.201760,5.654119,-1367.968000,3.918577,1.972903,0,0,0
1,0.910483,10.000000,0.716300,5.120002,-1.965583,16.201760,5.065520,-1363.872000,3.060132,1.223119,0,0,0
1,0.910483,10.000000,0.766385,5.768073,-1.774734,16.201760,4.673120,-1361.149000,2.546130,1.010414,0,0,0
1,0.910483,10.000000,0.783362,6.092108,-1.685196,16.201760,4.476920,-1359.789000,2.317059,1.055110,0,1,0
0,0.768335,10.000000,0.066450,-6.195138,0.475804,13.050690,-8.701260,788.326100,14.614490,12.676550,0,0,0
0,0.768335,10.000000,0.116756,-5.412098,-0.069815,13.050690,-9.289861,785.965800,13.728450,11.785310,0,0,0
0,0.768335,10.000000,0.193359,-4.629057,-0.650751,13.050690,-9.878462,783.612500,12.845700,10.897930,0,0,0
0,0.768335,10.000000,0.249694,-3.846017,-1.267002,13.050690,-10.467060,781.266300,11.972110,10.021590,0,0,0
0,0.768335,10.000000,0.300163,-3.062976,-1.918570,13.050690,-11.055660,778.927100,11.115710,9.166587,0,0,0
0,0.768335,10.000000,0.366974,-2.279936,-2.605453,13.050690,-11.644270,776.594900,10.287500,8.347753,0,0,0
0,0.768335,10.000000,0.433518,-1.496895,-3.327653,13.050690,-12.232870,774.269700,9.502545,7.586421,0,0,0
0,0.768335,10.000000,0.499806,-0.534872,-2.704886,12.025290,7.490293,99.045090,8.539972,6.601698,0,0,0
0,0.768335,10.000000,0.566404,0.186645,-2.279012,12.025290,6.901693,98.748540,7.846550,5.898130,0,0,0
0,0.768335,10.000000,0.616872,0.908162,-1.888455,12.025290,6.313094,98.452870,7.178419,5.228382,0,0,0
0,0.768335,10.000000,0.683068,1.629678,-1.533213,12.025290,5.724494,98.158090,6.537007,4.536172,0,0,0
0,0.768335,10.000000,0.733077,2.110690,-1.316006,12.025290,5.332094,97.962070,6.125341,4.144033,0,0,0
0,0.768335,10.000000,0.800015,3.072713,-0.928678,12.025290,4.547295,97.571180,5.344954,3.444392,0,0,0
0,0.768335,10.000000,0.866624,3.794230,-0.679385,12.025290,3.958695,97.279050,4.803515,3.020276,0,0,0
0,0.768335,10.000000,0.933047,4.515747,-0.465407,12.025290,3.370095,96.987780,4.308618,2.717325,0,0,0
0,0.768335,10.000000,0.999948,5.477769,-0.235039,12.025290,2.585296,96.600780,3.742547,2.559305,0,0,0
0,0.768335,10.000000,1.050419,5.958781,-0.143400,12.025290,2.192896,96.407860,3.510946,2.596966,0,0,0
0,0.768335,10.000000,1.066753,6.199286,-0.103466,12.025290,1.996696,96.311550,3.410642,2.643877,0,1,0
0,0.818089,10.000000,0.066811,-6.109206,0.560739,14.826790,-7.507724,788.326100,14.551580,12.615400,0,0,0
0,0.818089,10.000000,0.133355,-5.219600,0.086732,14.826790,-8.096324,785.965800,13.575190,11.634930,0,0,0
0,0.818089,10.000000,0.199642,-4.033458,-0.600214,14.826790,-8.881125,782.829700,12.270410,10.324360,0,0,0
0,0.818089,10.000000,0.266241,-3.143851,-1.156626,14.826790,-9.469727,780.485800,11.295280,9.345690,0,0,0
0,0.818089,10.000000,0.316709,-2.254245,-1.748353,14.826790,-10.058330,778.148900,10.330350,8.379857,0,0,0
0,0.818089,10.000000,0.382905,-1.364638,-2.375396,14.826790,-10.646930,775.819100,9.385446,7.376035,0,0,0
0,0.818089,10.000000,0.432914,-0.771567,-2.813046,14.826790,-11.039330,774.269700,8.773559,6.774341,0,0,0
0,0.818089,10.000000,0.499851,0.381843,-3.070938,13.867480,7.361954,135.907300,7.618487,5.630272,0,0,0
0,0.818089,10.000000,0.566461,1.213892,-2.652765,13.867480,6.773355,135.500400,6.794986,4.789283,0,0,0
0,0.818089,10.000000,0.632884,2.045941,-2.269907,13.867480,6.184755,135.094700,5.998655,3.984269,0,0,0
0,0.818089,10.000000,0.699784,3.155339,-1.814367,13.867480,5.399955,134.555600,4.987632,2.993734,0,0,0
0,0.818089,10.000000,0.750256,3.710037,-1.610141,13.867480,5.007555,134.286900,4.509489,2.555664,0,0,0
0,0.818089,10.000000,0.816487,4.819436,-1.248777,13.867480,4.222756,133.751100,3.630809,1.903446,0,0,0
0,0.818089,10.000000,0.866658,5.374135,-1.091639,13.867480,3.830356,133.484000,3.246077,1.764026,0,0,0
0,0.818089,10.000000,0.916349,6.206183,-0.885361,13.867480,3.241756,133.084300,2.772991,1.865803,0,1,0
0,0.804670,10.000000,0.066196,-6.152832,0.504385,14.058500,-8.421624,788.326100,14.580240,12.580750,0,0,0
0,0.804670,10.000000,0.116205,-5.590492,0.155748,14.058500,-8.814025,786.751800,13.952070,11.949060,0,0,0
0,0.804670,10.000000,0.183143,-4.465812,-0.588614,14.058500,-9.598826,783.612500,12.696900,10.686980,0,0,0
0,0.804670,10.000000,0.249752,-3.622303,-1.188087,14.058500,-10.187430,781.266300,11.762690,9.748998,0,0,0
0,0.804670,10.000000,0.316176,-2.778793,-1.822876,14.058500,-10.776030,778.927100,10.842880,8.828937,0,0,0
0,0.804670,10.000000,0.383076,-1.654113,-2.724198,14.058500,-11.560830,775.819100,9.658052,7.656510,0,0,0
0,0.804670,10.000000,0.433547,-1.091774,-3.198403,14.058500,-11.953230,774.269700,9.093939,7.108949,0,0,0
0,0.804670,10.000000,0.499779,-0.036031,-2.805305,13.056170,7.308531,108.741500,8.038390,6.038765,0,0,0
0,0.804670,10.000000,0.549950,0.486215,-2.524736,13.056170,6.916131,108.524300,7.528800,5.520364,0,0,0
0,0.804670,10.000000,0.616221,1.269585,-2.133313,13.056170,6.327532,108.199400,6.785987,4.771521,0,0,0
0,0.804670,10.000000,0.666637,2.052956,-1.777205,13.056170,5.738932,107.875400,6.071455,4.065087,0,0,0
0,0.804670,10.000000,0.733112,2.836326,-1.456413,13.056170,5.150332,107.552400,5.389452,3.416357,0,0,0
0,0.804670,10.000000,0.799608,3.880820,-1.083627,13.056170,4.365533,107.123300,4.543142,2.691578,0,0,0
0,0.804670,10.000000,0.849636,4.403066,-0.920777,13.056170,3.973133,106.909300,4.154648,2.422267,0,0,0
0,0.804670,10.000000,0.916508,5.186436,-0.705934,13.056170,3.384533,106.589200,3.630273,2.191619,0,0,0
0,0.804670,10.000000,0.966585,5.969805,-0.526406,13.056170,2.795934,106.270100,3.200056,2.213834,0,0,0
0,0.804670,10.000000,0.983037,6.230928,-0.474411,13.056170,2.599734,106.163900,3.083539,2.277088,0,1,0
0,0.915019,10.000000,0.050416,-5.943892,0.675977,17.601810,-5.596579,788.326100,14.420300,12.425070,0,0,0
0,0.915019,10.000000,0.116891,-4.887784,0.316639,17.601810,-6.185179,785.965800,13.307710,11.311000,0,0,0
0,0.915019,10.000000,0.183387,-3.479640,-0.217415,17.601810,-6.969978,782.829700,11.812070,9.811836,0,0,0
0,0.915019,10.000000,0.233415,-2.775567,-0.507986,17.601810,-7.362378,781.266300,11.059970,9.057276,0,0,0
0,0.915019,10.000000,0.300286,-1.719458,-0.973273,17.601810,-7.950978,778.927100,9.928519,7.921371,0,0,0
0,0.915019,10.000000,0.350364,-0.663350,-1.473875,17.601810,-8.539578,776.594900,8.796743,6.784912,0,0,0
0,0.915019,10.000000,0.417061,0.392758,-2.009794,17.601810,-9.128180,774.269700,7.671417,5.656948,0,0,0
0,0.915019,10.000000,0.483652,1.800903,-2.779288,17.601810,-9.912981,771.180300,6.203025,4.201661,0,0,0
0,0.915019,10.000000,0.550045,2.851826,-3.284047,16.735430,6.826028,194.560700,5.156004,3.197183,0,0,0
0,0.915019,10.000000,0.600376,3.521243,-3.022778,16.735430,6.433628,194.172200,4.478815,2.497200,0,0,0
0,0.915019,10.000000,0.666737,4.860077,-2.547328,16.735430,5.648829,193.397400,3.172385,1.158438,0,0,0
0,0.915019,10.000000,0.733805,5.864203,-2.231942,16.735430,5.060229,192.818300,2.269701,0.526513,1,0,0
0,0.915019,10.000000,0.750003,6.198912,-2.134662,16.735430,4.864029,192.625700,1.998181,0.636442,1,1,0
0,0.771900,10.000000,0.066900,-5.947277,0.269464,12.906130,-9.256140,787.538600,14.325360,12.322790,0,0,0
0,0.771900,10.000000,0.117372,-5.431032,-0.112553,12.906130,-9.648540,785.965800,13.737900,11.731430,0,0,0
0,0.771900,10.000000,0.183603,-4.398542,-0.923676,12.906130,-10.433340,782.829700,12.571200,10.558320,0,0,0
0,0.771900,10.000000,0.233774,-3.882297,-1.352782,12.906130,-10.825740,781.266300,11.995930,9.981544,0,0,0
0,0.771900,10.000000,0.300046,-3.107930,-2.025870,12.906130,-11.414340,778.927100,11.150560,9.138256,0,0,0
0,0.771900,10.000000,0.350462,-2.333562,-2.734274,12.906130,-12.002940,776.594900,10.336980,8.335945,0,0,0
0,0.771900,10.000000,0.416937,-1.571013,-3.231797,11.867330,8.184505,85.663190,9.573819,7.589344,0,0,0
0,0.771900,10.000000,0.483433,-0.621627,-2.616277,11.867330,7.399705,85.321390,8.630162,6.625163,0,0,0
0,0.771900,10.000000,0.533461,-0.146934,-2.332061,11.867330,7.007305,85.150990,8.174270,6.162831,0,0,0
0,0.771900,10.000000,0.600332,0.565105,-1.935167,11.867330,6.418705,84.896040,7.510761,5.496519,0,0,0
0,0.771900,10.000000,0.650410,1.277144,-1.573589,11.867330,5.830106,84.641850,6.872513,4.867070,0,0,0
0,0.771900,10.000000,0.717107,1.989184,-1.247326,11.867330,5.241506,84.388420,6.261133,4.281802,0,0,0
0,0.771900,10.000000,0.783698,2.938569,-0.867246,11.867330,4.456707,84.051700,5.492424,3.590842,0,0,0
0,0.771900,10.000000,0.850091,3.650609,-0.623388,11.867330,3.868107,83.800040,4.956359,3.163997,0,0,0
0,0.771900,10.000000,0.900422,4.125301,-0.480436,11.867330,3.475707,83.632690,4.621850,2.937526,0,0,0
0,0.771900,10.000000,0.966783,5.074688,-0.241619,11.867330,2.690907,83.298980,4.020711,2.665056,0,0,0
0,0.771900,10.000000,1.033851,5.786728,-0.103709,11.867330,2.102308,83.049570,3.645144,2.645097,0,0,0
0,0.771900,10.000000,1.050049,6.024075,-0.065586,11.867330,1.906108,82.966610,3.537663,2.674501,0,1,0
1,1.094025,10.000000,0.050077,-5.793057,0.459917,20.115720,-9.197581,-788.326100,14.220390,12.221780,0,0,0
1,1.094025,10.000000,0.116775,-4.586115,-0.115481,20.115720,-9.786182,-785.965800,12.912430,10.908910,0,0,0
1,1.094025,10.000000,0.183366,-2.976858,-0.937616,20.115720,-10.570980,-782.829700,11.168920,9.158347,0,0,0
1,1.094025,10.000000,0.249759,-1.769916,-1.595418,20.115720,-11.159580,-780.485800,9.870365,7.856122,0,0,0
1,1.094025,10.000000,0.300090,-0.965287,-2.053574,20.115720,-11.551990,-778.927100,9.015104,7.001398,0,0,0
1,1.094025,10.000000,0.366450,0.643970,-3.016972,20.115720,-12.336790,-775.819100,7.356050,5.365564,0,0,0
1,1.094025,10.000000,0.433518,1.814443,-3.041498,19.065560,8.077770,-1468.935000,6.185696,4.198776,0,0,0
1,1.094025,10.000000,0.500112,2.958377,-2.580376,19.065560,7.489171,-1464.536000,5.059056,3.048186,0,0,0
1,1.094025,10.000000,0.566296,4.483621,-2.020483,19.065560,6.704371,-1458.693000,3.650257,1.680576,0,0,0
1,1.094025,10.000000,0.616743,5.246243,-1.764080,19.065560,6.311971,-1455.780000,3.018390,1.234570,0,0,0
1,1.094025,10.000000,0.633258,5.627554,-1.641765,19.065560,6.115771,-1454.325000,2.733734,1.098721,0,1,0
0,0.835123,10.000000,0.066360,-5.695364,0.671527,16.306550,-4.399888,787.538600,14.178970,12.185060,0,0,1
0,0.835123,10.000000,0.133429,-4.716971,0.383990,16.306550,-4.988488,785.180600,13.159510,11.165290,0,0,1
0,0.835123,10.000000,0.200022,-3.738578,0.061136,16.306550,-5.577087,782.829700,12.131150,10.135710,0,0,1
0,0.835123,10.000000,0.266206,-2.434055,-0.424270,16.306550,-6.361887,779.706100,10.747270,8.748488,0,0,1
0,0.835123,10.000000,0.316653,-1.781793,-0.690518,16.306550,-6.754287,778.148900,10.050730,8.049456,0,0,1
0,0.835123,10.000000,0.366726,-0.803401,-1.119319,16.306550,-7.342886,775.819100,9.002046,6.600376,0,0,1
0,0.835123,10.000000,0.433262,0.174992,-1.583436,16.306550,-7.931486,773.496200,7.952195,5.541943,0,0,1
0,0.835123,10.000000,0.499766,1.153384,-2.082869,16.306550,-8.520087,771.180300,6.907769,4.489873,0,0,1
0,0.835123,10.000000,0.566388,2.457908,-2.803715,16.306550,-9.304889,768.103100,5.545567,3.137648,0,0,1
0,0.835123,10.000000,0.616470,3.110169,-3.187683,16.306550,-9.697289,766.569100,4.893431,2.524747,0,0,1
0,0.835123,10.000000,0.666675,4.051722,-3.046426,15.490330,6.038367,224.299200,3.948551,1.573315,0,0,1
0,0.835123,10.000000,0.733254,4.981141,-2.707668,15.490330,5.449768,223.627600,3.032980,0.614618,0,0,1
0,0.835123,10.000000,0.766481,5.600754,-2.501450,15.490330,5.057368,223.181000,2.450497,0.238622,1,1,1
1,0.930511,10.000000,0.050073,-5.901915,0.773892,18.301430,-3.964666,-788.326100,14.405050,12.021830,0,0,1
1,0.930511,10.000000,0.116609,-4.803830,0.512468,18.301430,-4.553266,-785.965800,13.276880,10.895520,0,0,1
1,0.930511,10.000000,0.183113,-3.705745,0.215728,18.301430,-5.141866,-783.612500,12.139410,9.759021,0,0,1
1,0.930511,10.000000,0.249735,-2.241632,-0.234861,18.301430,-5.926665,-780.485800,10.608350,8.227216,0,0,1
1,0.930511,10.000000,0.299817,-1.509575,-0.483699,18.301430,-6.319065,-778.927100,9.836859,7.454165,0,0,1
1,0.930511,10.000000,0.350021,-0.411490,-0.886387,18.301430,-6.907665,-776.594900,8.672977,6.285913,0,0,1
1,0.930511,10.000000,0.416600,0.686595,-1.324391,18.301430,-7.496264,-774.269700,7.502903,5.108375,0,0,1
1,0.930511,10.000000,0.483029,1.784680,-1.797710,18.301430,-8.084865,-771.951500,6.330537,3.925016,0,0,1
1,0.930511,10.000000,0.533149,2.882765,-2.306346,18.301430,-8.673466,-769.640100,5.164034,2.746594,0,0,1
1,0.930511,10.000000,0.599572,3.980850,-2.850298,18.301430,-9.262067,-767.335700,4.021937,1.617823,0,0,1
1,0.930511,10.000000,0.650049,5.071113,-3.263276,17.488750,6.402933,-1303.752000,2.940696,0.740392,0,0,1
1,0.930511,10.000000,0.699627,5.770662,-3.018931,17.488750,6.010533,-1301.148000,2.229418,0.329685,1,1,1
1,1.030923,10.000000,0.066648,-5.789209,0.722644,20.179840,-4.818808,-788.326100,14.282870,11.899080,0,0,1
1,1.030923,10.000000,0.116706,-4.578419,0.409971,20.179840,-5.407408,-785.965800,13.032440,10.649830,0,0,1
1,1.030923,10.000000,0.183087,-3.367629,0.061983,20.179840,-5.996007,-783.612500,11.772800,9.390324,0,0,1
1,1.030923,10.000000,0.249710,-1.753242,-0.456938,20.179840,-6.780807,-780.485800,10.079330,7.694653,0,0,1
1,1.030923,10.000000,0.300078,-0.946048,-0.739942,20.179840,-7.173207,-778.927100,9.227115,6.839908,0,0,1
1,1.030923,10.000000,0.366506,0.264742,-1.193878,20.179840,-7.761806,-776.594900,7.943317,5.549880,0,0,1
1,1.030923,10.000000,0.433016,1.879129,-1.854062,20.179840,-8.546607,-773.496200,6.227217,3.819935,0,0,1
1,1.030923,10.000000,0.483127,2.686322,-2.207698,20.179840,-8.939008,-771.951500,5.372422,2.956893,0,0,1
1,1.030923,10.000000,0.533305,3.897112,-2.767582,20.179840,-9.527609,-769.640100,4.109466,1.698020,0,0,1
1,1.030923,10.000000,0.599684,5.105590,-3.306685,19.345260,6.575536,-1320.571000,2.910613,0.748709,0,0,1
1,1.030923,10.000000,0.633387,5.879400,-3.055436,19.345260,6.183136,-1317.934000,2.121324,0.424777,1,1,1
0,0.799587,10.000000,0.066427,-6.055710,0.769386,15.620890,-4.012586,788.326100,14.552360,12.167690,0,0,0
0,0.799587,10.000000,0.132937,-4.806040,0.409139,15.620890,-4.797386,785.180600,13.252050,10.867240,0,0,0
0,0.799587,10.000000,0.183048,-4.181205,0.205472,15.620890,-5.189785,783.612500,12.595910,10.210200,0,0,0
0,0.799587,10.000000,0.233227,-3.243952,-0.129459,15.620890,-5.778385,781.266300,11.604590,9.216311,0,0,0
0,0.799587,10.000000,0.299605,-2.306699,-0.499706,15.620890,-6.366985,778.927100,10.605640,8.213058,0,0,0
0,0.799587,10.000000,0.366629,-1.369446,-0.905269,15.620890,-6.955585,776.594900,9.600751,7.201976,0,0,0
0,0.799587,10.000000,0.432894,-0.119775,-1.500956,15.620890,-7.740384,773.496200,8.256989,5.847464,0,0,0
0,0.799587,10.000000,0.483232,0.505061,-1.822343,15.620890,-8.132784,771.951500,7.586896,5.171909,0,0,0
0,0.799587,10.000000,0.549816,1.754732,-2.512205,15.620890,-8.917585,768.871200,6.264289,3.846927,0,0,0
0,0.799587,10.000000,0.616500,2.691985,-3.070804,15.620890,-9.506186,766.569100,5.308487,2.921711,0,0,0
0,0.799587,10.000000,0.683035,3.602340,-3.116901,14.804260,6.237881,223.480800,4.399214,2.027901,0,0,0
0,0.799587,10.000000,0.749428,4.786679,-2.657111,14.804260,5.453082,222.589100,3.231564,0.812468,0,0,0
0,0.799587,10.000000,0.799825,5.378849,-2.450759,14.804260,5.060682,222.144500,2.678077,0.361029,1,0,0
0,0.799587,10.000000,0.816223,5.674934,-2.353470,14.804260,4.864482,221.922600,2.413283,0.394727,1,1,0
1,0.979780,10.000000,0.050065,-6.303355,0.628971,17.416120,-9.373840,-789.114500,14.756540,12.366030,0,0,0
1,0.979780,10.000000,0.116330,-4.910066,-0.160177,17.416120,-10.158640,-785.965800,13.218710,10.817110,0,0,0
1,0.979780,10.000000,0.166668,-4.213421,-0.578294,17.416120,-10.551040,-784.396100,12.451200,10.043720,0,0,0
1,0.979780,10.000000,0.233253,-2.820131,-1.461617,17.416120,-11.335840,-781.266300,10.928950,8.511589,0,0,0
1,0.979780,10.000000,0.299936,-1.775164,-2.165312,17.416120,-11.924450,-778.927100,9.810736,7.392444,0,0,0
1,0.979780,10.000000,0.366471,-0.730197,-2.904322,17.416120,-12.513050,-776.594900,8.730721,6.327240,0,0,0
1,0.979780,10.000000,0.432864,0.613751,-2.947924,16.351430,7.996140,-1477.860000,7.386433,4.985496,0,0,0
1,0.979780,10.000000,0.483261,1.267807,-2.639850,16.351430,7.603740,-1474.908000,6.741819,4.328259,0,0,0
1,0.979780,10.000000,0.549236,2.248893,-2.207170,16.351430,7.015141,-1470.492000,5.805499,3.388175,0,0,0
1,0.979780,10.000000,0.599996,3.229977,-1.809806,16.351430,6.426541,-1466.090000,4.916266,2.541291,0,0,0
1,0.979780,10.000000,0.666239,4.211062,-1.447758,16.351430,5.837941,-1461.700000,4.094570,2.490978,0,0,0
1,0.979780,10.000000,0.716408,5.192147,-1.121025,16.351430,5.249341,-1457.323000,3.378547,1.984969,0,0,0
1,0.979780,10.000000,0.783340,6.173232,-0.829609,16.351430,4.660742,-1452.960000,2.836843,1.917712,0,0,0
1,0.979780,10.000000,0.800606,6.500260,-0.740318,16.351430,4.464542,-1451.509000,2.712080,2.006043,0,1,0
0,0.860036,10.000000,0.066829,-5.980115,0.818504,16.998080,-3.221138,788.326100,14.492230,12.109670,0,0,1
0,0.860036,10.000000,0.133157,-4.960231,0.601692,16.998080,-3.809738,785.965800,13.451390,11.071490,0,0,1
0,0.860036,10.000000,0.199655,-3.600385,0.257673,16.998080,-4.594538,782.829700,12.049120,9.671580,0,0,1
0,0.860036,10.000000,0.250088,-2.920463,0.062119,16.998080,-4.986938,781.266300,11.341650,8.964564,0,0,1
0,0.860036,10.000000,0.316564,-1.560617,-0.376076,16.998080,-5.771737,778.148900,9.914151,7.535893,0,0,1
0,0.860036,10.000000,0.366835,-0.880694,-0.618717,16.998080,-6.164137,776.594900,9.194413,7.526450,0,0,1
0,0.860036,10.000000,0.433077,0.139190,-1.012109,16.998080,-6.752737,774.269700,8.108271,6.437665,0,0,1
0,0.860036,10.000000,0.484019,1.159074,-1.440817,16.998080,-7.341336,771.951500,7.016361,5.341952,0,0,1
0,0.860036,10.000000,0.550084,2.178958,-1.904841,16.998080,-7.929936,769.640100,5.923167,4.244649,0,0,1
0,0.860036,10.000000,0.616287,3.538803,-2.578475,16.998080,-8.714737,766.569100,4.481067,2.806484,0,0,1
0,0.860036,10.000000,0.666413,4.218726,-2.938837,16.998080,-9.107138,765.038200,3.781769,2.131205,0,0,1
0,0.860036,10.000000,0.716633,5.224251,-3.211768,16.198180,6.302230,232.506900,2.783816,1.211973,0,0,1
0,0.860036,10.000000,0.766757,5.872178,-2.971451,16.198180,5.909830,232.042600,2.128013,0.522515,0,0,1
0,0.860036,10.000000,0.799637,6.520105,-2.746830,16.198180,5.517430,231.579100,1.501394,0.179600,1,1,1
1,1.051484,10.000000,0.050271,-6.210328,0.698378,19.741810,-7.638642,-789.114500,14.683710,13.013420,0,0,0
1,1.051484,10.000000,0.116513,-5.025820,0.216516,19.741810,-8.227242,-786.751800,13.417080,11.744670,0,0,0
1,1.051484,10.000000,0.167456,-3.841312,-0.300662,19.741810,-8.815844,-784.396100,12.145090,10.470070,0,0,0
1,1.051484,10.000000,0.233521,-2.656805,-0.853157,19.741810,-9.404445,-782.047600,10.870900,9.193155,0,0,0
1,1.051484,10.000000,0.299724,-1.077460,-1.644752,19.741810,-10.189250,-778.927100,9.178071,7.498514,0,0,0
1,1.051484,10.000000,0.349850,-0.287788,-2.064094,19.741810,-10.581650,-777.371500,8.340465,6.662796,0,0,0
1,1.051484,10.000000,0.400069,0.896720,-2.722536,19.741810,-11.170250,-775.044000,7.108697,5.443944,0,0,0
1,1.051484,10.000000,0.450193,1.686392,-3.181118,19.741810,-11.562650,-773.496200,6.316206,4.675101,0,0,0
1,1.051484,10.000000,0.516645,2.825369,-2.977944,18.771710,7.250853,-1412.964000,5.174678,3.523311,0,0,0
1,1.051484,10.000000,0.583124,4.327105,-2.437116,18.771710,6.466053,-1407.326000,3.715777,2.036184,0,0,0
1,1.051484,10.000000,0.633398,5.077972,-2.190246,18.771710,6.073653,-1404.516000,3.032152,1.377152,0,0,0
1,1.051484,10.000000,0.699945,6.579708,-1.743594,18.771710,5.288854,-1398.911000,1.896255,1.024686,0,1,0
0,0.855604,10.000000,0.066591,-5.666447,0.651401,16.669420,-4.651785,787.538600,14.145830,12.476840,0,0,0
0,0.855604,10.000000,0.116983,-4.999670,0.453558,16.669420,-5.044185,785.965800,13.450590,11.781400,0,0,0
0,0.855604,10.000000,0.183398,-3.666117,0.010783,16.669420,-5.828984,782.829700,12.048360,10.377950,0,0,0
0,0.855604,10.000000,0.249772,-2.665952,-0.362499,16.669420,-6.417584,780.485800,10.987220,9.315102,0,0,0
0,0.855604,10.000000,0.300052,-1.999175,-0.630975,16.669420,-6.809984,778.927100,10.275980,8.602350,0,0,0
0,0.855604,10.000000,0.350404,-0.999010,-1.063118,16.669420,-7.398583,776.594900,9.205091,7.528767,0,0,0
0,0.855604,10.000000,0.416878,0.001155,-1.530576,16.669420,-7.987183,774.269700,8.132695,6.453814,0,0,0
0,0.922887,10.000000,0.050352,-5.897337,0.873442,18.377720,-2.305507,788.326100,14.427040,12.760290,0,0,0
0,0.922887,10.000000,0.116826,-4.794675,0.711567,18.377720,-2.894106,785.965800,13.322140,11.657980,0,0,0
